-- Spieler Table
INSERT INTO public.spieler (id, avatar_name)
VALUES
    ('10000000-0000-0000-0000-000000000001', 'Test Spieler 1'),
    ('10000000-0000-0000-0000-000000000002', 'Test Spieler 2'),
    ('10000000-0000-0000-0000-000000000003', 'Test Spieler 3'),
    ('10000000-0000-0000-0000-000000000004', 'Test Spieler 4'),
    ('10000000-0000-0000-0000-000000000005', 'Test Spieler 5')
;

-- Raum Tables
INSERT INTO public.raum (id, beschreibung, name)
VALUES
    ('20000000-0000-0000-0000-000000000001', 'Beschreibung Raum 1', 'Raum 1'),
    ('20000000-0000-0000-0000-000000000002', 'Beschreibung Raum 2', 'Raum 2'),
    ('20000000-0000-0000-0000-000000000003', 'Beschreibung Raum 3', 'Raum 3'),
    ('20000000-0000-0000-0000-000000000004', 'Beschreibung Raum 4', 'Raum 4'),
    ('20000000-0000-0000-0000-000000000005', 'Beschreibung Raum 5', 'Raum 5')
;

-- Aufgabe Table
-- zeit_zu_loesen in Sekunden
INSERT INTO public.aufgabe (id, beschreibung, wert, zeit_zu_loesen, raum_fk)
VALUES
    ('30000000-0000-0000-0000-000000000001', 'Beschreibung Aufgabe 1', 'Was versteht man unter ACID ?', 240, '20000000-0000-0000-0000-000000000001'),
    ('30000000-0000-0000-0000-000000000002', 'Beschreibung Aufgabe 2', 'Erkläre die Begriffe IP und MAC-Adresse', 240, '20000000-0000-0000-0000-000000000002'),
    ('30000000-0000-0000-0000-000000000003', 'Beschreibung Aufgabe 3', 'Erkläre den Begriff "Asynchrone Programmierung"', 240, '20000000-0000-0000-0000-000000000003'),
    ('30000000-0000-0000-0000-000000000004', 'Beschreibung Aufgabe 4', 'Was versteht man unter einem Lamda-Ausdruck ?', 240, '20000000-0000-0000-0000-000000000004'),
    ('30000000-0000-0000-0000-000000000005', 'Beschreibung Aufgabe 5', 'Wer ist ein SCRUM-Master ?', 240, '20000000-0000-0000-0000-000000000005')
;

-- Loesung Table
INSERT INTO public.loesung (id, wert, aufgabe_fk)
VALUES
    ('40000000-0000-0000-0000-000000000001', 'Atomicity Consistency Isolation Durabilty', '30000000-0000-0000-0000-000000000001'),
    ('40000000-0000-0000-0000-000000000002', 'Die IP-Adresse (Internet Protocol) ist eine eindeutige Kennung, die einem Gerät in einem Netzwerk zugewiesen wird. Die MAC-Adresse (Media Access Control) ist eine eindeutige Kennung, die in die Hardware eines Netzwerkadapters eingebrannt ist.', '30000000-0000-0000-0000-000000000002'),
    ('40000000-0000-0000-0000-000000000003', 'Asynchrone Programmierung ist ein Paradigma, bei dem Aufgaben gleichzeitig ausgeführt werden, ohne auf den Abschluss einer anderen Aufgabe zu warten.', '30000000-0000-0000-0000-000000000003'),
    ('40000000-0000-0000-0000-000000000004', 'Ein anonymer Ausdruck', '30000000-0000-0000-0000-000000000004'),
    ('40000000-0000-0000-0000-000000000005', 'Eine Funktion ohne Namen', '30000000-0000-0000-0000-000000000004'),
    ('40000000-0000-0000-0000-000000000006', 'Ein Scrum Master fungiert als Vermittler und Führer innerhalb des Scrum-Rahmens, einer agilen Projektmanagement-Methode.', '30000000-0000-0000-0000-000000000005')
;

-- Gegenstand Table
INSERT INTO public.gegenstand (id, beschreibung, hinweis, name, greifbar)
VALUES
    ('50000000-0000-0000-0000-000000000001', 'Gegenstand 1 Beschreibung', 'Gegenstand 1 Hinweis', 'Stein', true),
    ('50000000-0000-0000-0000-000000000002', 'Gegenstand 2 Beschreibung', 'Gegenstand 2 Hinweis', 'Baum', true),
    ('50000000-0000-0000-0000-000000000003', 'Gegenstand 3 Beschreibung', 'Gegenstand 3 Hinweis', 'Tuer', true),
    ('50000000-0000-0000-0000-000000000004', 'Gegenstand 4 Beschreibung', 'Gegenstand 4 Hinweis', 'Mauer', true),
    ('50000000-0000-0000-0000-000000000005', 'Gegenstand 5 Beschreibung', 'Gegenstand 5 Hinweis', 'Haus', true)
;

-- Ergebnis Table
INSERT INTO public.ergebnis (id, spieler_fk, aufgabe_fk, versuch, geloest_in)
VALUES
    ('60000000-0000-0000-0000-000000000001', '10000000-0000-0000-0000-000000000001', '30000000-0000-0000-0000-000000000001', 2, 100),
    ('60000000-0000-0000-0000-000000000002', '10000000-0000-0000-0000-000000000001', '30000000-0000-0000-0000-000000000002', 2, 80),
    ('60000000-0000-0000-0000-000000000003', '10000000-0000-0000-0000-000000000002', '30000000-0000-0000-0000-000000000003', 2, 70),
    ('60000000-0000-0000-0000-000000000004', '10000000-0000-0000-0000-000000000003', '30000000-0000-0000-0000-000000000004', 2, 60),
    ('60000000-0000-0000-0000-000000000005', '10000000-0000-0000-0000-000000000004', '30000000-0000-0000-0000-000000000005', 2, 40),
    ('60000000-0000-0000-0000-000000000006', '10000000-0000-0000-0000-000000000004', '30000000-0000-0000-0000-000000000005', 2, 20)
;

-- Gegenstand_Aufgabe Table
INSERT INTO public.gegenstand_aufgabe (aufgabe_fk, gegenstand_fk)
VALUES
    ('30000000-0000-0000-0000-000000000001', '50000000-0000-0000-0000-000000000001'),
    ('30000000-0000-0000-0000-000000000002', '50000000-0000-0000-0000-000000000001'),
    ('30000000-0000-0000-0000-000000000002', '50000000-0000-0000-0000-000000000002'),
    ('30000000-0000-0000-0000-000000000003', '50000000-0000-0000-0000-000000000003'),
    ('30000000-0000-0000-0000-000000000004', '50000000-0000-0000-0000-000000000004'),
    ('30000000-0000-0000-0000-000000000005', '50000000-0000-0000-0000-000000000005')
;

-- Interaktion Table
INSERT INTO public.interaktion (id, spieler_fk, gegenstand_fk, typ)
VALUES
    ('70000000-0000-0000-0000-000000000001', '10000000-0000-0000-0000-000000000001', '50000000-0000-0000-0000-000000000001', 'HINWEIS_GELESEN'),
    ('70000000-0000-0000-0000-000000000002', '10000000-0000-0000-0000-000000000001', '50000000-0000-0000-0000-000000000002', 'AUF_GEGENSTAND_GEKLICKT'),
    ('70000000-0000-0000-0000-000000000003', '10000000-0000-0000-0000-000000000002', '50000000-0000-0000-0000-000000000003', 'FRAGE_BEANTWORTET'),
    ('70000000-0000-0000-0000-000000000004', '10000000-0000-0000-0000-000000000002', '50000000-0000-0000-0000-000000000004', 'AUF_TASTATUR_GEDRUECKT'),
    ('70000000-0000-0000-0000-000000000005', '10000000-0000-0000-0000-000000000003', '50000000-0000-0000-0000-000000000005', 'AUF_TASTATUR_GEDRUECKT'),
    ('70000000-0000-0000-0000-000000000006', '10000000-0000-0000-0000-000000000004', '50000000-0000-0000-0000-000000000006', 'HINWEIS_GELESEN')
;